id,first_name,last_name,email,rank
1,Dorian,Grimston,dgrimston0@amazonaws.com,conferentiar
2,Germayne,Hillan,ghillan1@sohu.com,lector
3,Nataline,Gendricke,ngendricke2@tripod.com,profesor
4,Cass,Hinksen,chinksen3@ustream.tv,profesor
5,Geoff,Dufaire,gdufaire4@trellian.com,conferentiar
6,Kare,Seawell,kseawell5@reuters.com,profesor
7,Channa,Filyaev,cfilyaev6@sun.com,profesor
8,Susie,Lomond,slomond7@go.com,asistent
9,Oliver,Snowding,osnowding8@washington.edu,profesor
10,Cayla,Rapper,crapper9@cocolog-nifty.com,asistent
11,Revkah,Hanwell,rhanwella@vk.com,profesor
12,Alessandro,Kenwell,akenwellb@amazonaws.com,lector
13,Shara,Sparke,ssparkec@irs.gov,conferentiar
14,Lorry,Rolf,lrolfd@nsw.gov.au,asistent
15,Claribel,McDonald,cmcdonalde@trellian.com,conferentiar
16,Karyn,Heselwood,kheselwoodf@nhs.uk,lector
17,Hildegaard,Simoncini,hsimoncinig@ihg.com,lector
18,Efren,Eede,eeedeh@behance.net,conferentiar
19,Ertha,Bernaldez,ebernaldezi@sogou.com,lector
20,Thaine,Fayer,tfayerj@clickbank.net,conferentiar
21,Aldus,Woolfitt,awoolfittk@wordpress.org,asistent
22,Nevil,Marien,nmarienl@marriott.com,lector
23,Zared,Benardette,zbenardettem@cbslocal.com,conferentiar
24,Karlene,Cohen,kcohenn@myspace.com,profesor
25,Hyman,Tomasini,htomasinio@com.com,lector
26,Marice,O'Keeffe,mokeeffep@hugedomains.com,profesor
27,Etti,Iglesia,eiglesiaq@mysql.com,asistent
28,Ancell,Warlton,awarltonr@yandex.ru,asistent
29,Rafael,Faill,rfaills@angelfire.com,lector
30,Derril,Mazillius,dmazilliust@cbslocal.com,asistent
31,Jonas,Kelso,jkelsou@dailymotion.com,profesor
32,Hugues,Sneden,hsnedenv@opera.com,lector
33,Waldemar,Glazebrook,wglazebrookw@squarespace.com,lector
34,Kelcey,Keilloh,kkeillohx@nsw.gov.au,lector
35,Violante,Slatten,vslatteny@house.gov,lector
36,Anselma,Lightwood,alightwoodz@symantec.com,profesor
37,Gypsy,Luard,gluard10@blinklist.com,asistent
38,Betta,Shergold,bshergold11@auda.org.au,conferentiar
39,Dew,Pendreigh,dpendreigh12@1688.com,profesor
40,Danyelle,McCaughran,dmccaughran13@hibu.com,asistent
41,Lainey,Kettow,lkettow14@dailymotion.com,lector
42,Errick,Lackner,elackner15@1688.com,lector
43,Octavius,Lorentz,olorentz16@clickbank.net,conferentiar
44,Ulrick,Piche,upiche17@xrea.com,profesor
45,Yorgos,Adan,yadan18@dyndns.org,conferentiar
46,Eberto,Micklewicz,emicklewicz19@thetimes.co.uk,profesor
47,Marcos,Worham,mworham1a@macromedia.com,lector
48,Eryn,Macro,emacro1b@soup.io,conferentiar
49,Leah,Pegram,lpegram1c@marketwatch.com,asistent
50,Chane,Kits,ckits1d@hubpages.com,lector
51,Estrellita,Phizacklea,ephizacklea1e@prnewswire.com,conferentiar
52,Gallagher,Chubb,gchubb1f@wikimedia.org,profesor
53,Eilis,Chastanet,echastanet1g@hhs.gov,lector
54,Odilia,Blatherwick,oblatherwick1h@discuz.net,lector
55,Judye,Darkins,jdarkins1i@craigslist.org,conferentiar
56,Charissa,Frigot,cfrigot1j@acquirethisname.com,profesor
57,Nanette,Bridell,nbridell1k@vkontakte.ru,conferentiar
58,Jannel,Elphinstone,jelphinstone1l@shutterfly.com,asistent
59,Robert,Wardesworth,rwardesworth1m@yandex.ru,profesor
60,Charin,Mertgen,cmertgen1n@1und1.de,conferentiar
61,Aguistin,Hendonson,ahendonson1o@scribd.com,lector
62,Welby,Eakly,weakly1p@wikispaces.com,asistent
63,Parsifal,Knowler,pknowler1q@artisteer.com,profesor
64,Clemmy,Victoria,cvictoria1r@webeden.co.uk,profesor
65,Avery,Eccleshall,aeccleshall1s@meetup.com,lector
66,Bartram,Ower,bower1t@weebly.com,asistent
67,Harrison,Gruczka,hgruczka1u@exblog.jp,conferentiar
68,Yehudit,Few,yfew1v@parallels.com,profesor
69,Bail,Cowndley,bcowndley1w@mail.ru,lector
70,Myca,Girt,mgirt1x@gravatar.com,asistent
71,Rakel,Barrs,rbarrs1y@constantcontact.com,lector
72,Rosaline,Ciotto,rciotto1z@ft.com,profesor
73,Trista,Lampard,tlampard20@sfgate.com,asistent
74,Amity,Triner,atriner21@independent.co.uk,profesor
75,Judy,Ceci,jceci22@pagesperso-orange.fr,lector
76,Roseanne,Schoffel,rschoffel23@dailymail.co.uk,asistent
77,Berri,Horick,bhorick24@vkontakte.ru,asistent
78,Bridget,Boutwell,bboutwell25@discuz.net,conferentiar
79,Vin,Gounard,vgounard26@nbcnews.com,profesor
80,Jeth,Sinney,jsinney27@ehow.com,conferentiar
81,Ellary,Towner,etowner28@harvard.edu,lector
82,Garwin,Loughhead,gloughhead29@alexa.com,profesor
83,Cariotta,Sidgwick,csidgwick2a@cisco.com,lector
84,Bernadina,Dine-Hart,bdinehart2b@loc.gov,conferentiar
85,Jeremias,Krysztowczyk,jkrysztowczyk2c@netvibes.com,lector
86,Tresa,Worsnap,tworsnap2d@weather.com,asistent
87,Naoma,Robertsson,nrobertsson2e@paginegialle.it,conferentiar
88,Haskell,Dammarell,hdammarell2f@fotki.com,profesor
89,Staffard,Jonathon,sjonathon2g@wp.com,lector
90,Julius,Mathe,jmathe2h@moonfruit.com,profesor
91,Kincaid,Markwick,kmarkwick2i@usda.gov,conferentiar
92,Maura,Winder,mwinder2j@yolasite.com,asistent
93,Kelsi,Yakovich,kyakovich2k@ftc.gov,conferentiar
94,Tucker,Van den Dael,tvandendael2l@goo.gl,profesor
95,Rodrick,Fennell,rfennell2m@zimbio.com,profesor
96,Shirl,Ivic,sivic2n@opera.com,profesor
97,Sada,Cobbing,scobbing2o@google.cn,profesor
98,Raoul,Gonthier,rgonthier2p@salon.com,profesor
99,Nina,Petrushka,npetrushka2q@si.edu,lector
100,Fiorenze,Braybrooks,fbraybrooks2r@unc.edu,asistent
