id,first_name,last_name,email,serial_number
1,Halley,Bau,hbau0@infoseek.co.jp,88-7086109
2,Emlen,Fealey,efealey1@cdc.gov,91-1302323
3,Bev,Nuton,bnuton2@sitemeter.com,10-8553202
4,Barbabra,Martelet,bmartelet3@cisco.com,38-3223179
5,Davon,Monks,dmonks4@sphinn.com,39-5861848
6,Parrnell,Anelay,panelay5@noaa.gov,64-6577005
7,Glad,Cobbledick,gcobbledick6@issuu.com,24-9211971
8,Catarina,MacCaughey,cmaccaughey7@spotify.com,00-9993490
9,Selinda,Gronaller,sgronaller8@bing.com,80-3038303
10,Nickie,Wipper,nwipper9@ask.com,55-8862120
11,Dorri,Sikorsky,dsikorskya@xing.com,49-7539447
12,Sunny,McIndoe,smcindoeb@paginegialle.it,45-3798012
13,Iolanthe,McFarlane,imcfarlanec@ebay.co.uk,37-1953271
14,Ettore,Handforth,ehandforthd@wufoo.com,11-5565959
15,Zsazsa,Hawse,zhawsee@admin.ch,21-1291076
16,Kerrin,Byrde,kbyrdef@freewebs.com,12-3971847
17,Glory,Gange,ggangeg@tinypic.com,52-7689347
18,Dill,Jakeway,djakewayh@china.com.cn,47-3330874
19,Gabi,Janout,gjanouti@sohu.com,33-6308964
20,Sean,Fairhead,sfairheadj@paginegialle.it,55-9057026
21,Lucia,Rottger,lrottgerk@opera.com,66-7776535
22,Roddie,Crosgrove,rcrosgrovel@upenn.edu,62-2755300
23,Jorey,Braven,jbravenm@cocolog-nifty.com,53-7155595
24,Fields,Duly,fdulyn@statcounter.com,13-0189262
25,Jeni,Blincko,jblinckoo@mysql.com,77-1767727
26,Marline,Stennings,mstenningsp@baidu.com,50-6920505
27,Gaby,McKaile,gmckaileq@unc.edu,71-9082464
28,Darrell,Gave,dgaver@cbc.ca,78-5920246
29,Karol,Zettoi,kzettois@odnoklassniki.ru,62-4801380
30,Helenka,Finci,hfincit@domainmarket.com,70-5128102
31,Delainey,Fetteplace,dfetteplaceu@flavors.me,89-7652009
32,Warden,Pavyer,wpavyerv@tamu.edu,85-1194660
33,Ashley,Milmith,amilmithw@fema.gov,78-4574329
34,Raven,Gulvin,rgulvinx@lulu.com,20-5406327
35,Ody,Sully,osullyy@webmd.com,78-7787050
36,Maxie,Thebeau,mthebeauz@technorati.com,39-3772102
37,Devan,Goldspink,dgoldspink10@nasa.gov,98-0005752
38,Glori,Shingler,gshingler11@businesswire.com,76-2372913
39,Sheffield,Mattioni,smattioni12@netvibes.com,88-2693664
40,Cissy,Basset,cbasset13@plala.or.jp,28-0508395
41,Clyde,Frankel,cfrankel14@nationalgeographic.com,37-1013967
42,Marcellina,Brewood,mbrewood15@amazon.de,59-0145704
43,Norma,Bernardeau,nbernardeau16@acquirethisname.com,43-6567483
44,Eran,Fairham,efairham17@timesonline.co.uk,28-2986939
45,Hollis,Coiley,hcoiley18@samsung.com,44-1314858
46,Wilmette,Giacovelli,wgiacovelli19@1und1.de,31-4815601
47,Waverley,McAneny,wmcaneny1a@ed.gov,51-4283760
48,Virginia,Huleatt,vhuleatt1b@irs.gov,49-2650282
49,Leora,Hawick,lhawick1c@networksolutions.com,49-5356321
50,Shawna,MacLaig,smaclaig1d@geocities.jp,54-3964958
51,Benedikt,MacIver,bmaciver1e@columbia.edu,22-1504319
52,Mark,Ferrillio,mferrillio1f@engadget.com,13-1392892
53,Tabbitha,Jump,tjump1g@ucla.edu,72-8717658
54,Dilan,Sachno,dsachno1h@disqus.com,26-6859691
55,Joellyn,Scurr,jscurr1i@comsenz.com,52-8565105
56,Fayina,Stonman,fstonman1j@abc.net.au,03-4957789
57,Rosette,Ashfold,rashfold1k@topsy.com,60-8588766
58,Vivia,Belhomme,vbelhomme1l@census.gov,64-8949574
59,Donnie,Frake,dfrake1m@bandcamp.com,87-9317329
60,Herta,Landers,hlanders1n@unicef.org,30-0669327
61,Jeromy,Ochterlony,jochterlony1o@prlog.org,32-5458157
62,Gordon,Bilson,gbilson1p@cocolog-nifty.com,66-0710787
63,Adham,Mendus,amendus1q@pcworld.com,30-6822416
64,Bette-ann,Gierhard,bgierhard1r@hostgator.com,83-8384136
65,Elsbeth,Gabrieli,egabrieli1s@tamu.edu,29-1714003
66,Bary,Petherick,bpetherick1t@multiply.com,25-3737167
67,Yorke,Dabney,ydabney1u@statcounter.com,29-5006654
68,Bryan,Caverhill,bcaverhill1v@berkeley.edu,69-5956125
69,Filippa,Alelsandrowicz,falelsandrowicz1w@google.pl,09-7637293
70,Jackqueline,Auld,jauld1x@ft.com,40-1686680
71,Evelyn,Eschalette,eeschalette1y@myspace.com,85-1099171
72,Arman,Tarquini,atarquini1z@alexa.com,08-5233573
73,Tammy,Gouley,tgouley20@acquirethisname.com,68-3409799
74,Reinwald,Soppit,rsoppit21@baidu.com,83-9912995
75,Marta,Roadknight,mroadknight22@intel.com,09-4603380
76,Oby,Whistlecroft,owhistlecroft23@t.co,41-9642800
77,Leonore,Kielt,lkielt24@pcworld.com,02-3001857
78,Sonja,Miquelet,smiquelet25@histats.com,00-1397559
79,Malina,Glazier,mglazier26@ebay.com,59-1151995
80,Merell,Candish,mcandish27@hp.com,78-2191669
81,Dud,Ogger,dogger28@youtu.be,62-2067850
82,Ardyth,Jime,ajime29@vinaora.com,42-2430869
83,Marcello,Michelle,mmichelle2a@yellowbook.com,61-4590429
84,Sunny,Levine,slevine2b@plala.or.jp,14-6941336
85,Bartel,Fagan,bfagan2c@nydailynews.com,63-0908469
86,Maison,Nono,mnono2d@cmu.edu,64-0466801
87,Dagmar,Segges,dsegges2e@ustream.tv,38-8432554
88,Veronique,McGiven,vmcgiven2f@taobao.com,62-6837639
89,Duky,Warden,dwarden2g@columbia.edu,53-2893980
90,Moyra,Zorzini,mzorzini2h@cocolog-nifty.com,52-7990969
91,Kimmie,Sackey,ksackey2i@ezinearticles.com,85-1624332
92,Sherill,Probet,sprobet2j@pinterest.com,81-0728018
93,Iago,Saint,isaint2k@free.fr,31-3709619
94,Morry,Patillo,mpatillo2l@odnoklassniki.ru,07-5507293
95,Michaelina,Neve,mneve2m@thetimes.co.uk,91-2155265
96,Cynthy,Kobierski,ckobierski2n@amazon.co.jp,61-0520811
97,Felicia,McInnerny,fmcinnerny2o@amazon.co.jp,28-4075599
98,Oralia,Kiebes,okiebes2p@mail.ru,36-4562091
99,Gaultiero,Fenix,gfenix2q@shinystat.com,43-2505770
100,Selma,Hegden,shegden2r@topsy.com,75-2809595
